{"exp_name": "ac_exp_6", "algorithm": "ac", "shared_agent": true, "load_weights": true, "lr_critic": 1e-05, "lr_actor": 1e-06, "number_of_episodes": 1000, "number_of_epochs": 2, "batch_size": 20, "prev_action_to_reward": 5, "prev_action_limit": 5000, "gamma": 0.95, "epsilon_greedy": false, "average_reward": 11.482352941176448, "best_avg": 11.492489270386242, "avg_reward_list": [11.0, 22.5, 17.67, 13.25, 11.2, 9.83, 8.86, 9.5, 10.0, 9.9, 9.82, 9.75, 9.85, 9.57, 9.87, 9.62, 9.24, 8.89, 8.74, 8.75, 8.48, 8.36, 8.26, 8.38, 8.84, 8.62, 8.93, 8.71, 8.62, 8.7, 8.61, 8.53, 8.36, 8.21, 8.14, 8.31, 8.16, 7.95, 7.9, 7.98, 8.05, 7.93, 8.0, 8.14, 8.09, 7.98, 7.94, 7.96, 7.86, 7.82, 7.84, 7.87, 7.98, 7.89, 7.85, 7.82, 7.84, 7.95, 7.97, 8.02, 7.93, 8.03, 8.05, 8.05, 8.02, 8.02, 8.03, 7.96, 7.97, 7.94, 8.0, 7.93, 8.05, 8.07, 8.23, 8.2, 8.17, 8.32, 8.35, 8.29, 8.36, 8.54, 8.57, 8.6, 8.53, 8.47, 8.47, 8.51, 8.55, 8.52, 8.49, 8.43, 8.34, 8.68, 8.62, 8.71, 8.68, 8.7, 8.71, 8.68, 8.65, 8.71, 8.76, 8.7, 8.68, 8.73, 8.7, 8.75, 8.72, 8.77, 8.85, 8.87, 8.88, 8.86, 8.93, 8.88, 8.83, 8.78, 8.73, 8.75, 8.7, 8.66, 8.67, 8.67, 8.71, 8.69, 8.71, 8.71, 8.67, 8.68, 8.73, 8.74, 8.74, 8.75, 8.73, 8.68, 8.7, 8.7, 8.68, 8.64, 8.66, 8.68, 8.71, 8.8, 8.78, 8.78, 8.74, 8.78, 8.76, 8.81, 8.77, 8.74, 8.7, 8.66, 8.65, 8.63, 8.61, 8.63, 8.63, 8.7, 8.71, 8.73, 8.76, 8.74, 8.74, 8.72, 8.75, 8.72, 8.69, 8.75, 8.7, 8.71, 8.68, 8.64, 8.63, 8.67, 8.7, 8.67, 8.68, 8.67, 8.64, 8.62, 8.62, 8.67, 8.65, 8.64, 8.61, 8.61, 8.61, 8.58, 8.59, 8.56, 8.58, 8.62, 8.63, 8.64, 8.65, 8.66, 8.67, 8.65, 8.63, 8.68, 8.68, 8.68, 8.78, 8.82, 8.81, 8.82, 8.79, 8.77, 8.75, 8.83, 8.82, 8.81, 8.79, 8.82, 8.83, 8.81, 8.83, 8.92, 8.92, 8.91, 8.91, 8.94, 8.92, 8.96, 8.93, 8.97, 8.94, 8.93, 8.9, 8.89, 8.9, 8.88, 8.85, 8.87, 8.85, 8.86, 8.85, 8.87, 8.88, 8.87, 8.91, 8.88, 8.87, 8.88, 8.85, 8.9, 8.88, 8.86, 8.88, 8.92, 8.89, 8.9, 8.88, 8.86, 8.88, 8.88, 8.86, 8.85, 8.83, 8.81, 8.78, 8.77, 8.78, 8.76, 8.74, 8.75, 8.72, 8.7, 8.7, 8.71, 8.69, 8.68, 8.66, 8.68, 8.67, 8.72, 8.71, 8.72, 8.73, 8.74, 8.72, 8.7, 8.72, 8.78, 8.77, 8.76, 8.76, 8.76, 8.77, 8.75, 8.73, 8.71, 8.73, 8.76, 8.74, 8.76, 8.74, 8.76, 8.76, 8.79, 8.78, 8.79, 8.77, 8.75, 8.73, 8.73, 8.71, 8.7, 8.7, 8.71, 8.69, 8.68, 8.67, 8.67, 8.69, 8.67, 8.69, 8.71, 8.7, 8.68, 8.67, 8.69, 8.72, 8.73, 8.75, 8.75, 8.74, 8.74, 8.76, 8.74, 8.72, 8.71, 8.7, 8.68, 8.66, 8.7, 8.68, 8.66, 8.65, 8.64, 8.63, 8.62, 8.6, 8.59, 8.61, 8.58, 8.58, 8.57, 8.55, 8.54, 8.54, 8.54, 8.53, 8.55, 8.54, 8.55, 8.55, 8.56, 8.58, 8.58, 8.56, 8.56, 8.55, 8.55, 8.54, 8.55, 8.54, 8.54, 8.54, 8.55, 8.55, 8.55, 8.56, 8.55, 8.53, 8.52, 8.5, 8.52, 8.52, 8.51, 8.54, 8.53, 8.54, 8.57, 8.58, 8.59, 8.57, 8.56, 8.55, 8.56, 8.56, 8.54, 8.56, 8.58, 8.61, 8.6, 8.61, 8.61, 8.6, 8.59, 8.6, 8.58, 8.58, 8.6, 8.59, 8.6, 8.6, 8.61, 8.59, 8.59, 8.6, 8.63, 8.62, 8.64, 8.62, 8.62, 8.6, 8.62, 8.64, 8.65, 8.64, 8.63, 8.63, 8.65, 8.65, 8.63, 8.64, 8.67, 8.67, 8.67, 8.66, 8.66, 8.69, 8.68, 8.67, 8.68, 8.67, 8.68, 8.69, 8.73, 8.74, 8.74, 8.77, 8.78, 8.8, 8.79, 8.79, 8.8, 8.8, 8.8, 8.79, 8.79, 8.78, 8.81, 8.82, 8.83, 8.82, 8.83, 8.82, 8.83, 8.83, 8.83, 8.82, 8.83, 8.83, 8.85, 8.86, 8.85, 8.88, 8.9, 8.92, 8.91, 8.91, 8.9, 8.89, 8.88, 8.89, 8.88, 8.87, 8.9, 8.9, 8.92, 8.93, 8.94, 8.94, 8.94, 8.94, 8.97, 8.97, 8.98, 8.97, 8.99, 9.01, 9.02, 9.03, 9.02, 9.02, 9.02, 9.03, 9.04, 9.06, 9.05, 9.07, 9.06, 9.07, 9.06, 9.08, 9.1, 9.11, 9.1, 9.11, 9.1, 9.09, 9.1, 9.1, 9.12, 9.11, 9.13, 9.12, 9.12, 9.15, 9.16, 9.17, 9.18, 9.2, 9.23, 9.22, 9.21, 9.23, 9.24, 9.24, 9.23, 9.23, 9.22, 9.25, 9.23, 9.23, 9.24, 9.23, 9.25, 9.26, 9.26, 9.25, 9.25, 9.27, 9.29, 9.32, 9.33, 9.33, 9.32, 9.35, 9.36, 9.38, 9.4, 9.43, 9.43, 9.42, 9.43, 9.44, 9.45, 9.44, 9.45, 9.44, 9.45, 9.44, 9.45, 9.48, 9.49, 9.48, 9.49, 9.5, 9.52, 9.51, 9.51, 9.51, 9.51, 9.51, 9.52, 9.53, 9.54, 9.56, 9.57, 9.59, 9.59, 9.58, 9.57, 9.56, 9.56, 9.55, 9.54, 9.56, 9.58, 9.59, 9.6, 9.62, 9.63, 9.65, 9.66, 9.68, 9.69, 9.7, 9.7, 9.69, 9.68, 9.71, 9.72, 9.75, 9.76, 9.74, 9.76, 9.75, 9.78, 9.78, 9.77, 9.78, 9.78, 9.77, 9.76, 9.76, 9.77, 9.8, 9.79, 9.8, 9.82, 9.81, 9.8, 9.81, 9.81, 9.82, 9.84, 9.83, 9.82, 9.81, 9.82, 9.83, 9.83, 9.82, 9.82, 9.83, 9.84, 9.86, 9.87, 9.87, 9.89, 9.89, 9.91, 9.94, 9.94, 9.96, 9.96, 9.95, 9.97, 9.98, 9.99, 10.02, 10.03, 10.03, 10.02, 10.01, 10.03, 10.02, 10.02, 10.04, 10.05, 10.06, 10.05, 10.06, 10.06, 10.06, 10.06, 10.08, 10.08, 10.1, 10.1, 10.09, 10.09, 10.12, 10.15, 10.16, 10.17, 10.2, 10.21, 10.21, 10.22, 10.23, 10.23, 10.23, 10.23, 10.23, 10.25, 10.25, 10.26, 10.25, 10.24, 10.26, 10.25, 10.24, 10.24, 10.23, 10.27, 10.27, 10.27, 10.27, 10.27, 10.26, 10.27, 10.27, 10.27, 10.28, 10.3, 10.31, 10.32, 10.33, 10.35, 10.35, 10.35, 10.37, 10.37, 10.38, 10.38, 10.38, 10.39, 10.42, 10.41, 10.4, 10.42, 10.41, 10.42, 10.43, 10.46, 10.45, 10.45, 10.45, 10.45, 10.46, 10.46, 10.45, 10.45, 10.45, 10.46, 10.45, 10.45, 10.45, 10.45, 10.46, 10.46, 10.48, 10.49, 10.48, 10.49, 10.5, 10.49, 10.49, 10.5, 10.49, 10.5, 10.5, 10.5, 10.5, 10.49, 10.49, 10.5, 10.51, 10.52, 10.54, 10.57, 10.56, 10.55, 10.56, 10.55, 10.57, 10.58, 10.6, 10.63, 10.64, 10.64, 10.64, 10.63, 10.64, 10.63, 10.64, 10.65, 10.65, 10.66, 10.68, 10.68, 10.69, 10.7, 10.72, 10.73, 10.74, 10.75, 10.75, 10.77, 10.78, 10.78, 10.77, 10.78, 10.79, 10.82, 10.83, 10.83, 10.82, 10.82, 10.83, 10.85, 10.87, 10.88, 10.89, 10.88, 10.89, 10.89, 10.91, 10.94, 10.94, 10.94, 10.95, 10.95, 10.98, 10.99, 10.99, 11.01, 11.02, 11.03, 11.04, 11.05, 11.07, 11.07, 11.07, 11.08, 11.1, 11.12, 11.14, 11.14, 11.15, 11.16, 11.15, 11.15, 11.15, 11.14, 11.15, 11.17, 11.17, 11.17, 11.16, 11.17, 11.17, 11.17, 11.18, 11.21, 11.21, 11.2, 11.2, 11.2, 11.19, 11.21, 11.22, 11.21, 11.21, 11.21, 11.22, 11.22, 11.22, 11.24, 11.24, 11.23, 11.24, 11.24, 11.24, 11.25, 11.25, 11.24, 11.24, 11.25, 11.24, 11.24, 11.25, 11.25, 11.24, 11.24, 11.24, 11.26, 11.28, 11.28, 11.29, 11.3, 11.31, 11.32, 11.34, 11.35, 11.37, 11.37, 11.38, 11.38, 11.38, 11.38, 11.37, 11.4, 11.39, 11.38, 11.39, 11.42, 11.43, 11.42, 11.44, 11.43, 11.43, 11.44, 11.44, 11.44, 11.43, 11.45, 11.45, 11.44, 11.45, 11.47, 11.46, 11.47, 11.47, 11.47, 11.46, 11.47, 11.48, 11.47, 11.47, 11.47, 11.48, 11.48, 11.48, 11.49, 11.49, 11.49, 11.48]}