{"exp_name": "ac_exp_7", "algorithm": "ac", "shared_agent": true, "load_weights": false, "lr_critic": 1e-05, "lr_actor": 1e-06, "number_of_episodes": 1000, "number_of_epochs": 2, "batch_size": 20, "prev_action_to_reward": 5, "prev_action_limit": 5000, "gamma": 0.95, "epsilon_greedy": false, "entropy_loss": true, "average_reward": 9.969333333333333, "best_avg": 9.971849865951745, "avg_reward_list": [3.0, 4.5, 6.0, 6.0, 6.0, 5.5, 4.71, 4.5, 4.0, 3.9, 3.55, 4.0, 4.77, 5.86, 5.87, 5.69, 5.71, 6.33, 6.0, 6.0, 5.86, 5.86, 6.0, 6.58, 6.44, 6.65, 6.63, 6.68, 7.62, 7.47, 7.68, 7.44, 7.55, 7.74, 7.69, 7.69, 7.78, 7.66, 7.62, 7.5, 7.39, 7.55, 7.63, 7.52, 7.42, 7.33, 7.23, 7.08, 7.29, 7.2, 7.18, 7.15, 7.02, 7.0, 6.93, 7.16, 7.28, 7.34, 7.51, 7.48, 7.41, 7.34, 7.32, 7.37, 7.31, 7.24, 7.27, 7.21, 7.1, 7.09, 7.03, 7.12, 7.15, 7.22, 7.27, 7.25, 7.34, 7.36, 7.44, 7.39, 7.33, 7.38, 7.46, 7.4, 7.35, 7.34, 7.29, 7.24, 7.19, 7.14, 7.19, 7.26, 7.33, 7.29, 7.24, 7.26, 7.22, 7.2, 7.19, 7.15, 7.14, 7.13, 7.12, 7.11, 7.07, 7.13, 7.2, 7.23, 7.19, 7.18, 7.14, 7.21, 7.22, 7.18, 7.24, 7.23, 7.22, 7.19, 7.15, 7.12, 7.2, 7.28, 7.28, 7.3, 7.26, 7.23, 7.22, 7.19, 7.22, 7.25, 7.24, 7.2, 7.23, 7.22, 7.19, 7.35, 7.42, 7.44, 7.47, 7.44, 7.4, 7.41, 7.4, 7.37, 7.41, 7.5, 7.47, 7.46, 7.5, 7.49, 7.46, 7.43, 7.46, 7.48, 7.47, 7.46, 7.43, 7.44, 7.42, 7.44, 7.47, 7.46, 7.52, 7.49, 7.53, 7.57, 7.63, 7.61, 7.63, 7.65, 7.62, 7.66, 7.68, 7.74, 7.71, 7.69, 7.66, 7.62, 7.65, 7.63, 7.7, 7.69, 7.68, 7.67, 7.69, 7.71, 7.73, 7.72, 7.69, 7.67, 7.69, 7.68, 7.73, 7.7, 7.73, 7.75, 7.78, 7.76, 7.73, 7.76, 7.77, 7.77, 7.75, 7.74, 7.76, 7.73, 7.74, 7.75, 7.73, 7.73, 7.71, 7.69, 7.68, 7.71, 7.7, 7.69, 7.7, 7.67, 7.65, 7.7, 7.67, 7.65, 7.67, 7.71, 7.71, 7.77, 7.79, 7.83, 7.81, 7.79, 7.83, 7.81, 7.79, 7.86, 7.84, 7.92, 7.96, 8.08, 8.08, 8.1, 8.09, 8.07, 8.07, 8.05, 8.04, 8.07, 8.06, 8.04, 8.04, 8.09, 8.07, 8.08, 8.12, 8.11, 8.09, 8.09, 8.11, 8.1, 8.08, 8.13, 8.13, 8.11, 8.09, 8.1, 8.14, 8.16, 8.14, 8.16, 8.14, 8.12, 8.1, 8.1, 8.08, 8.06, 8.11, 8.09, 8.08, 8.07, 8.15, 8.19, 8.17, 8.23, 8.22, 8.2, 8.22, 8.21, 8.21, 8.22, 8.2, 8.19, 8.21, 8.22, 8.24, 8.23, 8.21, 8.2, 8.18, 8.17, 8.22, 8.22, 8.2, 8.19, 8.17, 8.18, 8.19, 8.22, 8.21, 8.23, 8.21, 8.19, 8.22, 8.22, 8.23, 8.26, 8.32, 8.34, 8.34, 8.36, 8.38, 8.4, 8.4, 8.4, 8.41, 8.39, 8.4, 8.41, 8.44, 8.42, 8.41, 8.41, 8.41, 8.4, 8.42, 8.43, 8.42, 8.43, 8.45, 8.43, 8.42, 8.4, 8.41, 8.39, 8.42, 8.42, 8.42, 8.4, 8.39, 8.4, 8.43, 8.43, 8.4, 8.44, 8.42, 8.43, 8.42, 8.44, 8.46, 8.45, 8.47, 8.46, 8.5, 8.51, 8.53, 8.52, 8.55, 8.54, 8.52, 8.51, 8.49, 8.5, 8.49, 8.48, 8.49, 8.47, 8.5, 8.5, 8.48, 8.5, 8.49, 8.5, 8.5, 8.49, 8.52, 8.55, 8.57, 8.57, 8.58, 8.57, 8.61, 8.59, 8.61, 8.62, 8.63, 8.61, 8.62, 8.66, 8.66, 8.67, 8.69, 8.7, 8.71, 8.72, 8.76, 8.77, 8.77, 8.75, 8.77, 8.78, 8.82, 8.82, 8.83, 8.84, 8.87, 8.89, 8.9, 8.88, 8.88, 8.88, 8.96, 8.97, 8.99, 8.97, 8.97, 8.96, 8.98, 9.0, 9.0, 9.0, 9.05, 9.03, 9.04, 9.06, 9.06, 9.04, 9.03, 9.06, 9.06, 9.09, 9.08, 9.09, 9.08, 9.11, 9.13, 9.13, 9.13, 9.14, 9.12, 9.15, 9.16, 9.14, 9.15, 9.16, 9.19, 9.2, 9.21, 9.22, 9.21, 9.22, 9.21, 9.23, 9.25, 9.24, 9.24, 9.25, 9.25, 9.24, 9.24, 9.23, 9.22, 9.25, 9.25, 9.25, 9.24, 9.25, 9.27, 9.25, 9.25, 9.26, 9.27, 9.27, 9.26, 9.26, 9.27, 9.31, 9.32, 9.34, 9.33, 9.32, 9.33, 9.31, 9.33, 9.32, 9.32, 9.33, 9.34, 9.32, 9.32, 9.3, 9.31, 9.31, 9.3, 9.3, 9.29, 9.28, 9.3, 9.28, 9.29, 9.31, 9.34, 9.36, 9.37, 9.35, 9.34, 9.35, 9.34, 9.34, 9.37, 9.4, 9.4, 9.38, 9.41, 9.4, 9.42, 9.42, 9.45, 9.44, 9.44, 9.43, 9.43, 9.42, 9.41, 9.4, 9.39, 9.39, 9.38, 9.37, 9.37, 9.37, 9.38, 9.36, 9.36, 9.35, 9.36, 9.38, 9.39, 9.38, 9.39, 9.38, 9.36, 9.37, 9.38, 9.38, 9.37, 9.4, 9.4, 9.41, 9.41, 9.43, 9.43, 9.42, 9.41, 9.44, 9.43, 9.44, 9.45, 9.45, 9.44, 9.45, 9.46, 9.49, 9.49, 9.51, 9.52, 9.52, 9.52, 9.52, 9.54, 9.54, 9.53, 9.54, 9.57, 9.57, 9.57, 9.58, 9.58, 9.58, 9.57, 9.55, 9.57, 9.58, 9.57, 9.58, 9.56, 9.56, 9.55, 9.55, 9.55, 9.55, 9.55, 9.57, 9.6, 9.59, 9.59, 9.58, 9.59, 9.57, 9.57, 9.56, 9.56, 9.55, 9.56, 9.55, 9.54, 9.55, 9.55, 9.55, 9.56, 9.57, 9.58, 9.59, 9.6, 9.6, 9.59, 9.6, 9.6, 9.61, 9.61, 9.62, 9.63, 9.65, 9.66, 9.67, 9.67, 9.66, 9.66, 9.65, 9.64, 9.63, 9.62, 9.62, 9.62, 9.62, 9.61, 9.62, 9.61, 9.6, 9.61, 9.6, 9.6, 9.6, 9.61, 9.61, 9.6, 9.59, 9.59, 9.61, 9.61, 9.6, 9.62, 9.62, 9.62, 9.64, 9.63, 9.64, 9.65, 9.64, 9.65, 9.65, 9.65, 9.64, 9.65, 9.66, 9.67, 9.67, 9.67, 9.67, 9.68, 9.69, 9.69, 9.71, 9.71, 9.71, 9.72, 9.71, 9.72, 9.72, 9.73, 9.74, 9.74, 9.75, 9.77, 9.76, 9.76, 9.78, 9.78, 9.79, 9.81, 9.82, 9.82, 9.84, 9.84, 9.84, 9.83, 9.84, 9.85, 9.86, 9.84, 9.85, 9.85, 9.86, 9.86, 9.86, 9.87, 9.87, 9.88, 9.89, 9.88, 9.87, 9.87, 9.87, 9.87, 9.87, 9.88, 9.9, 9.91, 9.9, 9.92, 9.92, 9.91, 9.92, 9.91, 9.91, 9.92, 9.92, 9.92, 9.93, 9.94, 9.94, 9.93, 9.93, 9.95, 9.96, 9.96, 9.97, 9.97, 9.97, 9.97, 9.97, 9.96, 9.97]}