{"exp_name": "ac_exp_5", "algorithm": "ac", "shared_agent": true, "load_weights": false, "lr_critic": 1e-05, "lr_actor": 1e-06, "number_of_episodes": 1500, "number_of_epochs": 2, "batch_size": 20, "prev_action_to_reward": 5, "prev_action_limit": 0, "gamma": 0.95, "epsilon_greedy": true, "average_reward": 6.21651376146788, "best_avg": 7.1428571428571415, "avg_reward_list": [3.0, 5.5, 5.67, 7.75, 6.8, 6.67, 7.71, 7.87, 7.33, 7.2, 7.09, 7.67, 7.54, 7.57, 7.47, 7.38, 7.12, 7.06, 7.0, 6.8, 6.62, 6.73, 6.7, 6.67, 6.84, 6.92, 7.07, 7.14, 7.1, 7.07, 6.94, 6.72, 7.03, 6.91, 6.97, 6.78, 6.68, 6.87, 6.69, 6.6, 6.51, 6.36, 6.28, 6.2, 6.24, 6.11, 6.34, 6.27, 6.2, 6.2, 6.08, 5.96, 6.0, 5.94, 6.0, 5.89, 5.98, 5.93, 5.93, 5.88, 5.84, 5.79, 5.79, 5.75, 5.8, 5.8, 5.9, 5.81, 5.81, 5.77, 5.77, 5.74, 5.7, 5.66, 5.67, 5.63, 5.6, 5.56, 5.63, 5.6, 5.57, 5.6, 5.6, 5.7, 5.76, 5.73, 5.7, 5.67, 5.73, 5.73, 5.7, 5.67, 5.65, 5.62, 5.62, 5.68, 5.65, 5.62, 5.68, 5.68, 5.73, 5.74, 5.82, 5.79, 5.84, 5.81, 5.79, 5.81, 5.83, 5.86, 5.84, 5.84, 5.87, 5.91, 5.93, 5.93, 5.91, 5.88, 5.86, 5.88, 5.86, 5.88, 5.83, 5.81, 5.78, 5.76, 5.8, 5.8, 5.81, 5.87, 5.85, 5.85, 5.91, 5.91, 5.96, 5.99, 5.95, 6.01, 6.01, 6.02, 6.06, 6.06, 6.15, 6.13, 6.08, 6.06, 6.12, 6.19, 6.2, 6.18, 6.18, 6.21, 6.22, 6.2, 6.2, 6.23, 6.26, 6.34, 6.35, 6.37, 6.4, 6.43, 6.4, 6.42, 6.47, 6.46, 6.51, 6.54, 6.51, 6.49, 6.49, 6.5, 6.53, 6.52, 6.57, 6.56, 6.54, 6.52, 6.56, 6.54, 6.52, 6.55, 6.53, 6.54, 6.54, 6.52, 6.5, 6.53, 6.51, 6.49, 6.47, 6.45, 6.48, 6.49, 6.47, 6.48, 6.52, 6.51, 6.49, 6.47, 6.48, 6.48, 6.5, 6.52, 6.5, 6.52, 6.51, 6.49, 6.49, 6.47, 6.45, 6.44, 6.47, 6.44, 6.48, 6.48, 6.51, 6.55, 6.53, 6.51, 6.5, 6.48, 6.47, 6.49, 6.52, 6.54, 6.52, 6.51, 6.49, 6.53, 6.51, 6.56, 6.55, 6.55, 6.55, 6.53, 6.55, 6.54, 6.52, 6.54, 6.53, 6.51, 6.5, 6.48, 6.51, 6.52, 6.51, 6.5, 6.48, 6.47, 6.47, 6.5, 6.48, 6.49, 6.54, 6.55, 6.53, 6.55, 6.59, 6.58, 6.57, 6.61, 6.6, 6.61, 6.63, 6.66, 6.64, 6.63, 6.62, 6.6, 6.58, 6.61, 6.59, 6.57, 6.56, 6.54, 6.57, 6.56, 6.58, 6.6, 6.62, 6.6, 6.59, 6.61, 6.59, 6.58, 6.58, 6.61, 6.6, 6.6, 6.59, 6.58, 6.56, 6.56, 6.57, 6.59, 6.58, 6.57, 6.56, 6.55, 6.53, 6.52, 6.51, 6.5, 6.49, 6.48, 6.5, 6.5, 6.51, 6.51, 6.5, 6.5, 6.49, 6.48, 6.48, 6.47, 6.45, 6.44, 6.43, 6.46, 6.45, 6.44, 6.47, 6.46, 6.45, 6.44, 6.43, 6.45, 6.44, 6.43, 6.44, 6.42, 6.41, 6.4, 6.39, 6.38, 6.37, 6.36, 6.35, 6.35, 6.38, 6.37, 6.39, 6.38, 6.37, 6.37, 6.38, 6.39, 6.38, 6.4, 6.39, 6.38, 6.37, 6.36, 6.37, 6.4, 6.39, 6.39, 6.39, 6.41, 6.4, 6.41, 6.4, 6.41, 6.42, 6.45, 6.44, 6.43, 6.42, 6.41, 6.41, 6.42, 6.44, 6.43, 6.43, 6.42, 6.41, 6.42, 6.41, 6.42, 6.44, 6.46, 6.46, 6.45, 6.44, 6.43, 6.42, 6.41, 6.41, 6.4, 6.39, 6.42, 6.41, 6.4, 6.39, 6.38, 6.37, 6.38, 6.38, 6.38, 6.37, 6.36, 6.37, 6.37, 6.36, 6.36, 6.35, 6.35, 6.34, 6.36, 6.35, 6.35, 6.34, 6.33, 6.32, 6.31, 6.32, 6.31, 6.3, 6.32, 6.31, 6.31, 6.3, 6.3, 6.29, 6.28, 6.27, 6.28, 6.27, 6.28, 6.27, 6.28, 6.27, 6.26, 6.27, 6.27, 6.28, 6.27, 6.26, 6.25, 6.27, 6.26, 6.25, 6.24, 6.24, 6.23, 6.22, 6.22, 6.23, 6.22, 6.24, 6.23, 6.24, 6.23, 6.22, 6.23, 6.23, 6.22, 6.21, 6.21, 6.2, 6.22, 6.21, 6.2, 6.21, 6.21, 6.23, 6.23, 6.22, 6.21, 6.21, 6.2, 6.19, 6.2, 6.2, 6.21, 6.21, 6.2, 6.2, 6.2, 6.19, 6.18, 6.18, 6.2, 6.19, 6.2, 6.2, 6.2, 6.21, 6.2, 6.2, 6.2, 6.19, 6.19, 6.2, 6.2, 6.21, 6.21, 6.23, 6.25, 6.24, 6.23, 6.24, 6.23, 6.22, 6.23, 6.22, 6.21, 6.25, 6.24, 6.25, 6.26, 6.26, 6.25, 6.24, 6.24, 6.23, 6.23, 6.24, 6.23, 6.23, 6.23, 6.24, 6.26, 6.27, 6.27, 6.26, 6.25, 6.25, 6.24, 6.24, 6.23, 6.22, 6.22, 6.21, 6.21, 6.22, 6.24, 6.23, 6.23, 6.24, 6.23, 6.23, 6.22, 6.22]}